"COUNTRY","Country","TIME","Time","Unit Code","Unit","PowerCode Code","PowerCode","Reference Period Code","Reference Period","Value","Flag Codes","Flags"
"AUS","Australia","1999","1999","PC","Percentage","0","Units",,,25.4197070634562,,
"AUS","Australia","2000","2000","PC","Percentage","0","Units",,,25.7175298415254,,
"AUS","Australia","2001","2001","PC","Percentage","0","Units",,,24.531088105147,,
"AUS","Australia","2002","2002","PC","Percentage","0","Units",,,23.2193688825924,,
"AUS","Australia","2003","2003","PC","Percentage","0","Units",,,22.9914063265951,,
"AUS","Australia","2004","2004","PC","Percentage","0","Units",,,22.2938023824404,,
"AUS","Australia","2005","2005","PC","Percentage","0","Units",,,22.2916081900595,,
"AUS","Australia","2006","2006","PC","Percentage","0","Units",,,20.2223632564701,,
"AUS","Australia","2007","2007","PC","Percentage","0","Units",,,18.5115185206848,,
"AUS","Australia","2008","2008","PC","Percentage","0","Units",,,18.567928040379,,
"AUS","Australia","2009","2009","PC","Percentage","0","Units",,,19.3121949812919,,
"AUS","Australia","2010","2010","PC","Percentage","0","Units",,,18.4440573418501,,
"AUS","Australia","2011","2011","PC","Percentage","0","Units",,,18.5110504826928,,
"AUS","Australia","2012","2012","PC","Percentage","0","Units",,,18.1971889476104,,
"AUS","Australia","2013","2013","PC","Percentage","0","Units",,,17.0407120513601,,
"AUS","Australia","2014","2014","PC","Percentage","0","Units",,,15.4683748427985,,
"AUT","Austria","1999","1999","PC","Percentage","0","Units",,,38.183159815137,,
"AUT","Austria","2000","2000","PC","Percentage","0","Units",,,37.3547434018792,,
"AUT","Austria","2001","2001","PC","Percentage","0","Units",,,36.5681791384818,,
"AUT","Austria","2002","2002","PC","Percentage","0","Units",,,35.6781685108728,,
"AUT","Austria","2003","2003","PC","Percentage","0","Units",,,34.6984927216937,,
"AUT","Austria","2004","2004","PC","Percentage","0","Units",,,34.899700658029,,
"AUT","Austria","2005","2005","PC","Percentage","0","Units",,,33.8803848233182,,
"AUT","Austria","2006","2006","PC","Percentage","0","Units",,,31.6362172341889,,
"AUT","Austria","2007","2007","PC","Percentage","0","Units",,,30.4972466203405,,
"AUT","Austria","2008","2008","PC","Percentage","0","Units",,,29.6987737853383,,
"AUT","Austria","2009","2009","PC","Percentage","0","Units",,,29.4352487280719,,
"AUT","Austria","2010","2010","PC","Percentage","0","Units",,,28.9555925981095,,
"AUT","Austria","2011","2011","PC","Percentage","0","Units",,,28.3805044050645,,
"AUT","Austria","2012","2012","PC","Percentage","0","Units",,,28.0393944776958,,
"AUT","Austria","2013","2013","PC","Percentage","0","Units",,,27.836504500944,,
"BEL","Belgium","1999","1999","PC","Percentage","0","Units",,,54.2737597130903,,
"BEL","Belgium","2000","2000","PC","Percentage","0","Units",,,56.1810795124782,,
"BEL","Belgium","2001","2001","PC","Percentage","0","Units",,,56.3498982853822,,
"BEL","Belgium","2002","2002","PC","Percentage","0","Units",,,55.5620098751089,,
"BEL","Belgium","2003","2003","PC","Percentage","0","Units",,,54.1462005200809,,
"BEL","Belgium","2004","2004","PC","Percentage","0","Units",,,53.9903436523715,,
"BEL","Belgium","2005","2005","PC","Percentage","0","Units",,,53.6768802228412,,
"BEL","Belgium","2006","2006","PC","Percentage","0","Units",,,54.8467274233637,,
"BEL","Belgium","2007","2007","PC","Percentage","0","Units",,,54.6516926210834,,
"BEL","Belgium","2008","2008","PC","Percentage","0","Units",,,54.4386226818679,,
"BEL","Belgium","2009","2009","PC","Percentage","0","Units",,,54.905302954877,,
"BEL","Belgium","2010","2010","PC","Percentage","0","Units",,,53.7708114762052,,
"BEL","Belgium","2011","2011","PC","Percentage","0","Units",,,55.0670482716503,,
"BEL","Belgium","2012","2012","PC","Percentage","0","Units",,,55.020519143889,,
"BEL","Belgium","2013","2013","PC","Percentage","0","Units",,,55.105613026551,,
"CAN","Canada","1999","1999","PC","Percentage","0","Units",,,28.0053233129795,,
"CAN","Canada","2000","2000","PC","Percentage","0","Units",,,28.2001531010543,,
"CAN","Canada","2001","2001","PC","Percentage","0","Units",,,28.3651309188474,,
"CAN","Canada","2002","2002","PC","Percentage","0","Units",,,28.2588991131705,,
"CAN","Canada","2003","2003","PC","Percentage","0","Units",,,28.2328364550508,,
"CAN","Canada","2004","2004","PC","Percentage","0","Units",,,27.8042719201427,,
"CAN","Canada","2005","2005","PC","Percentage","0","Units",,,27.7481389153318,,
"CAN","Canada","2006","2006","PC","Percentage","0","Units",,,27.4218246292714,,
"CAN","Canada","2007","2007","PC","Percentage","0","Units",,,27.3426044646086,,
"CAN","Canada","2008","2008","PC","Percentage","0","Units",,,27.0488141255997,,
"CAN","Canada","2009","2009","PC","Percentage","0","Units",,,27.2550652234249,,
"CAN","Canada","2010","2010","PC","Percentage","0","Units",,,27.2284240211049,,
"CAN","Canada","2011","2011","PC","Percentage","0","Units",,,26.9340023107809,,
"CAN","Canada","2012","2012","PC","Percentage","0","Units",,,27.2051511222447,,
"CAN","Canada","2013","2013","PC","Percentage","0","Units",,,27.0762420251846,,
"CAN","Canada","2014","2014","PC","Percentage","0","Units",,,26.3690259984117,,
"CZE","Czech Republic","1999","1999","PC","Percentage","0","Units",,,29.9700821046055,,
"CZE","Czech Republic","2000","2000","PC","Percentage","0","Units",,,27.2287761774429,,
"CZE","Czech Republic","2001","2001","PC","Percentage","0","Units",,,23.6348258472004,,
"CZE","Czech Republic","2002","2002","PC","Percentage","0","Units",,,22.207986280069,,
"CZE","Czech Republic","2003","2003","PC","Percentage","0","Units",,,22.2818768458544,,
"CZE","Czech Republic","2004","2004","PC","Percentage","0","Units",,,20.9870592113732,,
"CZE","Czech Republic","2005","2005","PC","Percentage","0","Units",,,19.7020328599276,,
"CZE","Czech Republic","2006","2006","PC","Percentage","0","Units",,,18.6997917876939,,
"CZE","Czech Republic","2007","2007","PC","Percentage","0","Units",,,17.9103010866831,,
"CZE","Czech Republic","2008","2008","PC","Percentage","0","Units",,,17.4166781904598,,
"CZE","Czech Republic","2009","2009","PC","Percentage","0","Units",,,17.1781293823473,,
"CZE","Czech Republic","2010","2010","PC","Percentage","0","Units",,,16.6315971377671,,
"CZE","Czech Republic","2011","2011","PC","Percentage","0","Units",,,15.8251646365611,,
"CZE","Czech Republic","2012","2012","PC","Percentage","0","Units",,,14.3460354176708,,
"CZE","Czech Republic","2013","2013","PC","Percentage","0","Units",,,12.7225108462005,,
"DNK","Denmark","1999","1999","PC","Percentage","0","Units",,,74.0494993079867,,
"DNK","Denmark","2000","2000","PC","Percentage","0","Units",,,73.9260820230183,,
"DNK","Denmark","2001","2001","PC","Percentage","0","Units",,,73.2886393925932,,
"DNK","Denmark","2002","2002","PC","Percentage","0","Units",,,71.6499799759711,,
"DNK","Denmark","2003","2003","PC","Percentage","0","Units",,,71.5617620714926,,
"DNK","Denmark","2004","2004","PC","Percentage","0","Units",,,70.372295757188,,
"DNK","Denmark","2005","2005","PC","Percentage","0","Units",,,70.6684747925973,,
"DNK","Denmark","2006","2006","PC","Percentage","0","Units",,,68.4161015952652,,
"DNK","Denmark","2007","2007","PC","Percentage","0","Units",,,67.938063504508,,
"DNK","Denmark","2008","2008","PC","Percentage","0","Units",,,66.3359483156437,,
"DNK","Denmark","2009","2009","PC","Percentage","0","Units",,,67.6886322914593,,
"DNK","Denmark","2010","2010","PC","Percentage","0","Units",,,66.9973168550289,,
"DNK","Denmark","2011","2011","PC","Percentage","0","Units",,,66.3572708028009,,
"DNK","Denmark","2012","2012","PC","Percentage","0","Units",,,67.2041910530839,,
"DNK","Denmark","2013","2013","PC","Percentage","0","Units",,,66.7729800457965,,
"FIN","Finland","1999","1999","PC","Percentage","0","Units",,,76.2716174974568,,
"FIN","Finland","2000","2000","PC","Percentage","0","Units",,,74.965118596771,,
"FIN","Finland","2001","2001","PC","Percentage","0","Units",,,74.5163019640333,,
"FIN","Finland","2002","2002","PC","Percentage","0","Units",,,73.494560994561,,
"FIN","Finland","2003","2003","PC","Percentage","0","Units",,,72.8699551569507,,
"FIN","Finland","2004","2004","PC","Percentage","0","Units",,,71.4543994549348,,
"FIN","Finland","2005","2005","PC","Percentage","0","Units",,,70.6484250837722,,
"FIN","Finland","2006","2006","PC","Percentage","0","Units",,,70.3561320754717,,
"FIN","Finland","2007","2007","PC","Percentage","0","Units",,,70.496652835408,,
"FIN","Finland","2008","2008","PC","Percentage","0","Units",,,69.7640809827116,,
"FIN","Finland","2009","2009","PC","Percentage","0","Units",,,69.2078524124882,,
"FIN","Finland","2010","2010","PC","Percentage","0","Units",,,68.6113744075829,,
"FIN","Finland","2011","2011","PC","Percentage","0","Units",,,69.5514573570759,,
"FIN","Finland","2012","2012","PC","Percentage","0","Units",,,69.7874964904071,,
"FIN","Finland","2013","2013","PC","Percentage","0","Units",,,69.0379036548756,,
"FRA","France","1999","1999","PC","Percentage","0","Units",,,8.05878825229866,,
"FRA","France","2000","2000","PC","Percentage","0","Units",,,7.97035402367973,,
"FRA","France","2001","2001","PC","Percentage","0","Units",,,7.90503799539442,,
"FRA","France","2002","2002","PC","Percentage","0","Units",,,8.05535873356657,,
"FRA","France","2003","2003","PC","Percentage","0","Units",,,7.92699052697752,,
"FRA","France","2004","2004","PC","Percentage","0","Units",,,7.72528543514803,,
"FRA","France","2005","2005","PC","Percentage","0","Units",,,7.66761707423867,,
"FRA","France","2006","2006","PC","Percentage","0","Units",,,7.58645115040623,,
"FRA","France","2007","2007","PC","Percentage","0","Units",,,7.54765863184072,,
"FRA","France","2008","2008","PC","Percentage","0","Units",,,7.56560563150326,,
"FRA","France","2009","2009","PC","Percentage","0","Units",,,7.68182328838845,,
"FRA","France","2010","2010","PC","Percentage","0","Units",,,7.7353730164051,,
"FRA","France","2011","2011","PC","Percentage","0","Units",,,7.72780557347919,,
"FRA","France","2012","2012","PC","Percentage","0","Units",,,7.74739195765829,,
"FRA","France","2013","2013","PC","Percentage","0","Units",,,7.71974083666763,,
"DEU","Germany","1999","1999","PC","Percentage","0","Units",,,25.3228366057815,,
"DEU","Germany","2000","2000","PC","Percentage","0","Units",,,24.5707555941238,,
"DEU","Germany","2001","2001","PC","Percentage","0","Units",,,23.7476004706174,,
"DEU","Germany","2002","2002","PC","Percentage","0","Units",,,23.5073460456393,,
"DEU","Germany","2003","2003","PC","Percentage","0","Units",,,23.0183893468611,,
"DEU","Germany","2004","2004","PC","Percentage","0","Units",,,22.171008470513,,
"DEU","Germany","2005","2005","PC","Percentage","0","Units",,,21.6786290195086,,
"DEU","Germany","2006","2006","PC","Percentage","0","Units",,,20.7164657644048,,
"DEU","Germany","2007","2007","PC","Percentage","0","Units",,,19.8873731442166,,
"DEU","Germany","2008","2008","PC","Percentage","0","Units",,,19.1280785136173,,
"DEU","Germany","2009","2009","PC","Percentage","0","Units",,,18.9266972205795,,
"DEU","Germany","2010","2010","PC","Percentage","0","Units",,,18.5644804813619,,
"DEU","Germany","2011","2011","PC","Percentage","0","Units",,,18.4891706286318,,
"DEU","Germany","2012","2012","PC","Percentage","0","Units",,,18.3023701572354,,
"DEU","Germany","2013","2013","PC","Percentage","0","Units",,,18.1281855670103,,
"GRC","Greece","1999","1999","PC","Percentage","0","Units",,,26.7839664077947,,
"GRC","Greece","2000","2000","PC","Percentage","0","Units",,,26.5100973885969,,
"GRC","Greece","2001","2001","PC","Percentage","0","Units",,,24.9018810686035,,
"GRC","Greece","2002","2002","PC","Percentage","0","Units",,,24.7724881425997,,
"GRC","Greece","2003","2003","PC","Percentage","0","Units",,,24.6469682699139,,
"GRC","Greece","2004","2004","PC","Percentage","0","Units",,,23.9621624120524,,
"GRC","Greece","2005","2005","PC","Percentage","0","Units",,,24.081509455153,,
"GRC","Greece","2006","2006","PC","Percentage","0","Units",,,24.0727970641989,,
"GRC","Greece","2007","2007","PC","Percentage","0","Units",,,23.9512602926472,,
"GRC","Greece","2008","2008","PC","Percentage","0","Units",,,23.5429248060144,,
"GRC","Greece","2009","2009","PC","Percentage","0","Units",,,22.5962036023808,,
"GRC","Greece","2010","2010","PC","Percentage","0","Units",,,22.0627890147678,,
"GRC","Greece","2011","2011","PC","Percentage","0","Units",,,22.721918051432,,
"GRC","Greece","2012","2012","PC","Percentage","0","Units",,,22.7954332545271,,
"GRC","Greece","2013","2013","PC","Percentage","0","Units",,,21.515006044372,,
"HUN","Hungary","1999","1999","PC","Percentage","0","Units",,,24.4544757831794,,
"HUN","Hungary","2000","2000","PC","Percentage","0","Units",,,21.9958243102645,,
"HUN","Hungary","2001","2001","PC","Percentage","0","Units",,,19.9877750611247,,
"HUN","Hungary","2002","2002","PC","Percentage","0","Units",,,19.0288315629742,,
"HUN","Hungary","2003","2003","PC","Percentage","0","Units",,,17.8837555886736,,
"HUN","Hungary","2004","2004","PC","Percentage","0","Units",,,17.8615314769976,,
"HUN","Hungary","2005","2005","PC","Percentage","0","Units",,,17.4680915111379,,
"HUN","Hungary","2006","2006","PC","Percentage","0","Units",,,16.1023482498892,,
"HUN","Hungary","2007","2007","PC","Percentage","0","Units",,,15.0923295454545,,
"HUN","Hungary","2008","2008","PC","Percentage","0","Units",,,14.5642681978587,,
"HUN","Hungary","2009","2009","PC","Percentage","0","Units",,,13.9089248868854,,
"HUN","Hungary","2010","2010","PC","Percentage","0","Units",,,12.8965507049259,,
"HUN","Hungary","2011","2011","PC","Percentage","0","Units",,,11.8224086625333,,
"HUN","Hungary","2012","2012","PC","Percentage","0","Units",,,10.7117353011188,,
"HUN","Hungary","2013","2013","PC","Percentage","0","Units",,,10.4797391709362,,
"ISL","Iceland","1999","1999","PC","Percentage","0","Units",,,87.4196539671721,,
"ISL","Iceland","2000","2000","PC","Percentage","0","Units",,,89.4207530989319,,
"ISL","Iceland","2001","2001","PC","Percentage","0","Units",,,88.0914033376434,,
"ISL","Iceland","2002","2002","PC","Percentage","0","Units",,,92.4679536207055,,
"ISL","Iceland","2003","2003","PC","Percentage","0","Units",,,86.4605579222817,,
"ISL","Iceland","2004","2004","PC","Percentage","0","Units",,,83.9716895446678,,
"ISL","Iceland","2005","2005","PC","Percentage","0","Units",,,83.9866833485577,,
"ISL","Iceland","2006","2006","PC","Percentage","0","Units",,,85.0830112745366,,
"ISL","Iceland","2007","2007","PC","Percentage","0","Units",,,84.8415365338245,,
"ISL","Iceland","2008","2008","PC","Percentage","0","Units",,,84.6224992228546,,
"ISL","Iceland","2009","2009","PC","Percentage","0","Units",,,85.0694044328277,,
"ISL","Iceland","2010","2010","PC","Percentage","0","Units",,,85.416782442426,,
"ISL","Iceland","2011","2011","PC","Percentage","0","Units",,,85.2444817217741,,
"ISL","Iceland","2012","2012","PC","Percentage","0","Units",,,85.241456573537,,
"ISL","Iceland","2013","2013","PC","Percentage","0","Units",,,85.4615776534674,,
"ISL","Iceland","2014","2014","PC","Percentage","0","Units",,,86.3555079949628,,
"IRL","Ireland","1999","1999","PC","Percentage","0","Units",,,38.7105528417461,,
"IRL","Ireland","2000","2000","PC","Percentage","0","Units",,,37.9894937917861,,
"IRL","Ireland","2001","2001","PC","Percentage","0","Units",,,37.8128092747066,,
"IRL","Ireland","2002","2002","PC","Percentage","0","Units",,,36.1205403533079,,
"IRL","Ireland","2003","2003","PC","Percentage","0","Units",,,37.405303030303,,
"IRL","Ireland","2004","2004","PC","Percentage","0","Units",,,35.4998350379413,,
"IRL","Ireland","2005","2005","PC","Percentage","0","Units",,,33.9598997493734,,
"IRL","Ireland","2006","2006","PC","Percentage","0","Units",,,32.3548444026119,,
"IRL","Ireland","2007","2007","PC","Percentage","0","Units",,,31.4685314685315,,
"IRL","Ireland","2008","2008","PC","Percentage","0","Units",,,31.9268953068592,,
"IRL","Ireland","2009","2009","PC","Percentage","0","Units",,,33.0827994085757,,
"IRL","Ireland","2010","2010","PC","Percentage","0","Units",,,32.6914464845499,,
"IRL","Ireland","2011","2011","PC","Percentage","0","Units",,,32.5981501843348,,
"IRL","Ireland","2012","2012","PC","Percentage","0","Units",,,31.225400157439,,
"IRL","Ireland","2013","2013","PC","Percentage","0","Units",,,29.5946120968786,,
"IRL","Ireland","2014","2014","PC","Percentage","0","Units",,,27.4033854998403,,
"ITA","Italy","1999","1999","PC","Percentage","0","Units",,,35.4015755031148,,
"ITA","Italy","2000","2000","PC","Percentage","0","Units",,,34.8017017285274,,
"ITA","Italy","2001","2001","PC","Percentage","0","Units",,,34.1961312246765,,
"ITA","Italy","2002","2002","PC","Percentage","0","Units",,,33.7862982153138,,
"ITA","Italy","2003","2003","PC","Percentage","0","Units",,,33.6716517010244,,
"ITA","Italy","2004","2004","PC","Percentage","0","Units",,,34.1049930502233,,
"ITA","Italy","2005","2005","PC","Percentage","0","Units",,,33.8100025598124,,
"ITA","Italy","2006","2006","PC","Percentage","0","Units",,,33.5750529105019,,
"ITA","Italy","2007","2007","PC","Percentage","0","Units",,,33.9933533724314,,
"ITA","Italy","2008","2008","PC","Percentage","0","Units",,,33.8800001178491,,
"ITA","Italy","2009","2009","PC","Percentage","0","Units",,,35.2045619763797,,
"ITA","Italy","2010","2010","PC","Percentage","0","Units",,,36.0449730102813,,
"ITA","Italy","2011","2011","PC","Percentage","0","Units",,,36.3291659206681,,
"ITA","Italy","2012","2012","PC","Percentage","0","Units",,,36.8605222830036,,
"ITA","Italy","2013","2013","PC","Percentage","0","Units",,,37.2890968278761,,
"JPN","Japan","1999","1999","PC","Percentage","0","Units",,,22.1815794410054,,
"JPN","Japan","2000","2000","PC","Percentage","0","Units",,,21.5440627333831,,
"JPN","Japan","2001","2001","PC","Percentage","0","Units",,,20.8828459675917,,
"JPN","Japan","2002","2002","PC","Percentage","0","Units",,,20.2607390733446,,
"JPN","Japan","2003","2003","PC","Percentage","0","Units",,,19.7394564198688,,
"JPN","Japan","2004","2004","PC","Percentage","0","Units",,,19.2511671335201,,
"JPN","Japan","2005","2005","PC","Percentage","0","Units",,,18.7984424253662,,
"JPN","Japan","2006","2006","PC","Percentage","0","Units",,,18.3497807017544,,
"JPN","Japan","2007","2007","PC","Percentage","0","Units",,,18.2509505703422,,
"JPN","Japan","2008","2008","PC","Percentage","0","Units",,,18.2204923968139,,
"JPN","Japan","2009","2009","PC","Percentage","0","Units",,,18.4578754578755,,
"JPN","Japan","2010","2010","PC","Percentage","0","Units",,,18.403807431814,,
"JPN","Japan","2011","2011","PC","Percentage","0","Units",,,18.9950419527079,,
"JPN","Japan","2012","2012","PC","Percentage","0","Units",,,17.9723837209302,,
"JPN","Japan","2013","2013","PC","Percentage","0","Units",,,17.7831802629209,,
"JPN","Japan","2014","2014","PC","Percentage","0","Units",,,17.6032171581769,,
"KOR","Korea","1999","1999","PC","Percentage","0","Units",,,11.6928531943457,,
"KOR","Korea","2000","2000","PC","Percentage","0","Units",,,11.4296032934132,,
"KOR","Korea","2001","2001","PC","Percentage","0","Units",,,11.4849037264807,,
"KOR","Korea","2002","2002","PC","Percentage","0","Units",,,10.8454974966504,,
"KOR","Korea","2003","2003","PC","Percentage","0","Units",,,10.7618158210841,,
"KOR","Korea","2004","2004","PC","Percentage","0","Units",,,10.3184683868109,,
"KOR","Korea","2005","2005","PC","Percentage","0","Units",,,9.91861866410278,,
"KOR","Korea","2006","2006","PC","Percentage","0","Units",,,10.0264877239463,,
"KOR","Korea","2007","2007","PC","Percentage","0","Units",,,10.56968604025,,
"KOR","Korea","2008","2008","PC","Percentage","0","Units",,,10.2798894263994,,
"KOR","Korea","2009","2009","PC","Percentage","0","Units",,,9.9673629639534,,
"KOR","Korea","2010","2010","PC","Percentage","0","Units",,,9.68144909431605,,
"KOR","Korea","2011","2011","PC","Percentage","0","Units",,,9.88670525547361,,
"KOR","Korea","2012","2012","PC","Percentage","0","Units",,,10.1456066756624,,
"LUX","Luxembourg","1999","1999","PC","Percentage","0","Units",,,43.2618323925315,,
"LUX","Luxembourg","2000","2000","PC","Percentage","0","Units",,,42.5262295081967,,
"LUX","Luxembourg","2001","2001","PC","Percentage","0","Units",,,41.7554179566564,,
"LUX","Luxembourg","2002","2002","PC","Percentage","0","Units",,,42.084147257701,,
"LUX","Luxembourg","2003","2003","PC","Percentage","0","Units",,,42.8002947678703,,
"LUX","Luxembourg","2004","2004","PC","Percentage","0","Units",,,42.2598056854984,,
"LUX","Luxembourg","2005","2005","PC","Percentage","0","Units",,,41.39470013947,,
"LUX","Luxembourg","2006","2006","PC","Percentage","0","Units",,,40.1203610832497,,
"LUX","Luxembourg","2007","2007","PC","Percentage","0","Units",,,38.735632183908,,
"LUX","Luxembourg","2008","2008","PC","Percentage","0","Units",,,36.4799025578563,,
"LUX","Luxembourg","2009","2009","PC","Percentage","0","Units",,,35.9252561784207,,
"LUX","Luxembourg","2010","2010","PC","Percentage","0","Units",,,35.0607047675452,,
"LUX","Luxembourg","2011","2011","PC","Percentage","0","Units",,,33.8807260155575,,
"LUX","Luxembourg","2012","2012","PC","Percentage","0","Units",,,32.8089887640449,,
"MEX","Mexico","1999","1999","PC","Percentage","0","Units",,,15.7646698116311,,
"MEX","Mexico","2000","2000","PC","Percentage","0","Units",,,15.6145998876248,,
"MEX","Mexico","2001","2001","PC","Percentage","0","Units",,,15.9123127090783,,
"MEX","Mexico","2002","2002","PC","Percentage","0","Units",,,15.8621021890379,,
"MEX","Mexico","2003","2003","PC","Percentage","0","Units",,,16.8790213703429,,
"MEX","Mexico","2004","2004","PC","Percentage","0","Units",,,17.4570336102645,,
"MEX","Mexico","2005","2005","PC","Percentage","0","Units",,,16.8781916773551,,
"MEX","Mexico","2006","2006","PC","Percentage","0","Units",,,16.3449004216804,,
"MEX","Mexico","2007","2007","PC","Percentage","0","Units",,,16.7939067581004,,
"MEX","Mexico","2008","2008","PC","Percentage","0","Units",,,15.6683029333548,,
"MEX","Mexico","2009","2009","PC","Percentage","0","Units",,,15.2719326149041,,
"MEX","Mexico","2010","2010","PC","Percentage","0","Units",,,14.3763246315179,,
"MEX","Mexico","2011","2011","PC","Percentage","0","Units",,,14.4957927657761,,
"MEX","Mexico","2012","2012","PC","Percentage","0","Units",,,13.6179317434084,,
"MEX","Mexico","2013","2013","PC","Percentage","0","Units",,,13.622012514073,,
"MEX","Mexico","2014","2014","PC","Percentage","0","Units",,,13.5319845294802,,
"NLD","Netherlands","1999","1999","PC","Percentage","0","Units",,,24.6812683883622,,
"NLD","Netherlands","2000","2000","PC","Percentage","0","Units",,,22.9333409969393,,
"NLD","Netherlands","2001","2001","PC","Percentage","0","Units",,,21.1578637427966,,
"NLD","Netherlands","2002","2002","PC","Percentage","0","Units",,,20.9695290858726,,
"NLD","Netherlands","2003","2003","PC","Percentage","0","Units",,,20.492657376662,,
"NLD","Netherlands","2004","2004","PC","Percentage","0","Units",,,20.7976407807892,,
"NLD","Netherlands","2005","2005","PC","Percentage","0","Units",,,20.557393201492,,
"NLD","Netherlands","2006","2006","PC","Percentage","0","Units",,,19.98001998002,,
"NLD","Netherlands","2007","2007","PC","Percentage","0","Units",,,19.3076985876398,,
"NLD","Netherlands","2008","2008","PC","Percentage","0","Units",,,18.817096216477,,
"NLD","Netherlands","2009","2009","PC","Percentage","0","Units",,,19.062096427034,,
"NLD","Netherlands","2010","2010","PC","Percentage","0","Units",,,18.6286501609797,,
"NLD","Netherlands","2011","2011","PC","Percentage","0","Units",,,18.3670040370728,,
"NLD","Netherlands","2012","2012","PC","Percentage","0","Units",,,17.8677615744018,,
"NLD","Netherlands","2013","2013","PC","Percentage","0","Units",,,17.7564987347596,,
"NZL","New Zealand","1999","1999","PC","Percentage","0","Units",,,21.6933285509326,,
"NZL","New Zealand","2000","2000","PC","Percentage","0","Units",,,22.3836261419536,,
"NZL","New Zealand","2001","2001","PC","Percentage","0","Units",,,22.2918243243243,,
"NZL","New Zealand","2002","2002","PC","Percentage","0","Units",,,22.2627846454131,,
"NZL","New Zealand","2003","2003","PC","Percentage","0","Units",,,21.1956852791878,,
"NZL","New Zealand","2004","2004","PC","Percentage","0","Units",,,20.845866503368,,
"NZL","New Zealand","2005","2005","PC","Percentage","0","Units",,,20.9379351032448,,
"NZL","New Zealand","2006","2006","PC","Percentage","0","Units",,,21.2844837421563,,
"NZL","New Zealand","2007","2007","PC","Percentage","0","Units",,,21.39157836029,,
"NZL","New Zealand","2008","2008","PC","Percentage","0","Units",,,20.7634593993326,,
"NZL","New Zealand","2009","2009","PC","Percentage","0","Units",,,21.6494977678571,,
"NZL","New Zealand","2010","2010","PC","Percentage","0","Units",,,21.044844789357,,
"NZL","New Zealand","2011","2011","PC","Percentage","0","Units",,,21.1459043430456,,
"NZL","New Zealand","2012","2012","PC","Percentage","0","Units",,,20.8687396807925,,
"NZL","New Zealand","2013","2013","PC","Percentage","0","Units",,,19.7561403508772,,
"NZL","New Zealand","2014","2014","PC","Percentage","0","Units",,,18.690881147541,,
"NOR","Norway","1999","1999","PC","Percentage","0","Units",,,54.8445092322643,,
"NOR","Norway","2000","2000","PC","Percentage","0","Units",,,54.388246628131,,
"NOR","Norway","2001","2001","PC","Percentage","0","Units",,,53.8918142651987,,
"NOR","Norway","2002","2002","PC","Percentage","0","Units",,,54.4788196097097,,
"NOR","Norway","2003","2003","PC","Percentage","0","Units",,,55.1153846153846,,
"NOR","Norway","2004","2004","PC","Percentage","0","Units",,,54.9808429118774,,
"NOR","Norway","2005","2005","PC","Percentage","0","Units",,,54.8682092263297,,
"NOR","Norway","2006","2006","PC","Percentage","0","Units",,,54.1511194029851,,
"NOR","Norway","2007","2007","PC","Percentage","0","Units",,,52.9807261317795,,
"NOR","Norway","2008","2008","PC","Percentage","0","Units",,,52.6406926406926,,
"NOR","Norway","2009","2009","PC","Percentage","0","Units",,,53.6041939711664,,
"NOR","Norway","2010","2010","PC","Percentage","0","Units",,,53.7391304347826,,
"NOR","Norway","2011","2011","PC","Percentage","0","Units",,,53.4666099532114,,
"NOR","Norway","2012","2012","PC","Percentage","0","Units",,,53.2721967486453,,
"NOR","Norway","2013","2013","PC","Percentage","0","Units",,,52.0814368770764,,
"POL","Poland","1999","1999","PC","Percentage","0","Units",,,20.4971248376924,,
"POL","Poland","2000","2000","PC","Percentage","0","Units",,,17.5421960933055,,
"POL","Poland","2001","2001","PC","Percentage","0","Units",,,15.500009779186,,
"POL","Poland","2002","2002","PC","Percentage","0","Units",,,14.1357027463651,,
"POL","Poland","2003","2003","PC","Percentage","0","Units",,,18.7802907915994,,
"POL","Poland","2004","2004","PC","Percentage","0","Units",,,18.9967349361828,,
"POL","Poland","2005","2005","PC","Percentage","0","Units",,,18.1297709923664,,
"POL","Poland","2006","2006","PC","Percentage","0","Units",,,16.3220892274211,,
"POL","Poland","2007","2007","PC","Percentage","0","Units",,,15.6008914795131,,
"POL","Poland","2008","2008","PC","Percentage","0","Units",,,15.1079727399622,,
"POL","Poland","2009","2009","PC","Percentage","0","Units",,,14.6003262642741,,
"POL","Poland","2010","2010","PC","Percentage","0","Units",,,14.5838815237456,,
"POL","Poland","2011","2011","PC","Percentage","0","Units",,,13.6204598467178,,
"POL","Poland","2012","2012","PC","Percentage","0","Units",,,12.7283246549302,,
"PRT","Portugal","1999","1999","PC","Percentage","0","Units",,,22.4387195728122,,
"PRT","Portugal","2000","2000","PC","Percentage","0","Units",,,21.5940430226144,,
"PRT","Portugal","2001","2001","PC","Percentage","0","Units",,,22.3724579837637,,
"PRT","Portugal","2002","2002","PC","Percentage","0","Units",,,20.6590450571621,,
"PRT","Portugal","2003","2003","PC","Percentage","0","Units",,,21.297429620563,,
"PRT","Portugal","2004","2004","PC","Percentage","0","Units",,,21.7456142729319,,
"PRT","Portugal","2005","2005","PC","Percentage","0","Units",,,21.6309289999731,,
"PRT","Portugal","2006","2006","PC","Percentage","0","Units",,,21.2311987988304,,
"PRT","Portugal","2007","2007","PC","Percentage","0","Units",,,21.1818636878573,,
"PRT","Portugal","2008","2008","PC","Percentage","0","Units",,,20.9016606798896,,
"PRT","Portugal","2009","2009","PC","Percentage","0","Units",,,20.5814046608473,,
"PRT","Portugal","2010","2010","PC","Percentage","0","Units",,,19.7551325919589,,
"PRT","Portugal","2011","2011","PC","Percentage","0","Units",,,18.8165731170277,,
"PRT","Portugal","2012","2012","PC","Percentage","0","Units",,,18.9336780306697,,
"SVK","Slovak Republic","1999","1999","PC","Percentage","0","Units",,,34.1603053435114,,
"SVK","Slovak Republic","2000","2000","PC","Percentage","0","Units",,,32.2630761263594,,
"SVK","Slovak Republic","2001","2001","PC","Percentage","0","Units",,,30.4563136770608,,
"SVK","Slovak Republic","2002","2002","PC","Percentage","0","Units",,,27.3716317172446,,
"SVK","Slovak Republic","2003","2003","PC","Percentage","0","Units",,,26.1366805298829,,
"SVK","Slovak Republic","2004","2004","PC","Percentage","0","Units",,,23.6129555718937,,
"SVK","Slovak Republic","2005","2005","PC","Percentage","0","Units",,,22.7653309833601,,
"SVK","Slovak Republic","2006","2006","PC","Percentage","0","Units",,,20.5582742434835,,
"SVK","Slovak Republic","2007","2007","PC","Percentage","0","Units",,,18.7640927774516,,
"SVK","Slovak Republic","2008","2008","PC","Percentage","0","Units",,,17.1733358800497,,
"SVK","Slovak Republic","2009","2009","PC","Percentage","0","Units",,,16.022459517722,,
"SVK","Slovak Republic","2010","2010","PC","Percentage","0","Units",,,15.2226387961584,,
"SVK","Slovak Republic","2011","2011","PC","Percentage","0","Units",,,14.0646835182902,,
"SVK","Slovak Republic","2012","2012","PC","Percentage","0","Units",,,13.5922276397989,,
"SVK","Slovak Republic","2013","2013","PC","Percentage","0","Units",,,13.2926506024096,,
"ESP","Spain","1999","1999","PC","Percentage","0","Units",,,16.7607974867506,,
"ESP","Spain","2000","2000","PC","Percentage","0","Units",,,16.5651101535099,,
"ESP","Spain","2001","2001","PC","Percentage","0","Units",,,16.4080264021475,,
"ESP","Spain","2002","2002","PC","Percentage","0","Units",,,16.1488738615672,,
"ESP","Spain","2003","2003","PC","Percentage","0","Units",,,15.9002421620952,,
"ESP","Spain","2004","2004","PC","Percentage","0","Units",,,15.3991336466338,,
"ESP","Spain","2005","2005","PC","Percentage","0","Units",,,14.6224266831782,,
"ESP","Spain","2006","2006","PC","Percentage","0","Units",,,14.3398545529038,,
"ESP","Spain","2007","2007","PC","Percentage","0","Units",,,15.5338379362153,,
"ESP","Spain","2008","2008","PC","Percentage","0","Units",,,17.1736031161828,,
"ESP","Spain","2009","2009","PC","Percentage","0","Units",,,17.6050757392293,,
"ESP","Spain","2010","2010","PC","Percentage","0","Units",,,17.2922460613003,,
"ESP","Spain","2011","2011","PC","Percentage","0","Units",,,16.8896386676606,,
"ESP","Spain","2012","2012","PC","Percentage","0","Units",,,17.0761747986883,,
"ESP","Spain","2013","2013","PC","Percentage","0","Units",,,16.8789045877006,,
"SWE","Sweden","1999","1999","PC","Percentage","0","Units",,,80.6278465346535,,
"SWE","Sweden","2000","2000","PC","Percentage","0","Units",,,79.0800428839453,,
"SWE","Sweden","2001","2001","PC","Percentage","0","Units",,,78.0317221494102,,
"SWE","Sweden","2002","2002","PC","Percentage","0","Units",,,78.0005095374967,,
"SWE","Sweden","2003","2003","PC","Percentage","0","Units",,,77.9987271301621,,
"SWE","Sweden","2004","2004","PC","Percentage","0","Units",,,78.0523076923077,,
"SWE","Sweden","2005","2005","PC","Percentage","0","Units",,,76.519250780437,,
"SWE","Sweden","2006","2006","PC","Percentage","0","Units",,,75.1458695874706,,
"SWE","Sweden","2007","2007","PC","Percentage","0","Units",,,70.7709359605911,,
"SWE","Sweden","2008","2008","PC","Percentage","0","Units",,,68.3086269744836,,
"SWE","Sweden","2009","2009","PC","Percentage","0","Units",,,68.4146341463415,,
"SWE","Sweden","2010","2010","PC","Percentage","0","Units",,,68.2198445994588,,
"SWE","Sweden","2011","2011","PC","Percentage","0","Units",,,67.4968025290186,,
"SWE","Sweden","2012","2012","PC","Percentage","0","Units",,,67.5059348248327,,
"SWE","Sweden","2013","2013","PC","Percentage","0","Units",,,67.7325028527957,,
"SWE","Sweden","2014","2014","PC","Percentage","0","Units",,,67.2641443294151,,
"CHE","Switzerland","1999","1999","PC","Percentage","0","Units",,,20.9079808749854,,
"CHE","Switzerland","2000","2000","PC","Percentage","0","Units",,,20.1831442818354,,
"CHE","Switzerland","2001","2001","PC","Percentage","0","Units",,,19.7270305177272,,
"CHE","Switzerland","2002","2002","PC","Percentage","0","Units",,,19.8923762379736,,
"CHE","Switzerland","2003","2003","PC","Percentage","0","Units",,,19.9177052895223,,
"CHE","Switzerland","2004","2004","PC","Percentage","0","Units",,,19.4580334571792,,
"CHE","Switzerland","2005","2005","PC","Percentage","0","Units",,,19.3144465549143,,
"CHE","Switzerland","2006","2006","PC","Percentage","0","Units",,,18.8591125966425,,
"CHE","Switzerland","2007","2007","PC","Percentage","0","Units",,,18.4536033923917,,
"CHE","Switzerland","2008","2008","PC","Percentage","0","Units",,,17.5443864291317,,
"CHE","Switzerland","2009","2009","PC","Percentage","0","Units",,,17.3370149306324,,
"CHE","Switzerland","2010","2010","PC","Percentage","0","Units",,,17.1205157235858,,
"CHE","Switzerland","2011","2011","PC","Percentage","0","Units",,,16.6534668281907,,
"CHE","Switzerland","2012","2012","PC","Percentage","0","Units",,,16.2119441284072,,
"CHE","Switzerland","2013","2013","PC","Percentage","0","Units",,,16.2296019273257,,
"CHE","Switzerland","2014","2014","PC","Percentage","0","Units",,,15.7480683635131,,
"TUR","Turkey","1999","1999","PC","Percentage","0","Units",,,29.2692276758763,,
"TUR","Turkey","2000","2000","PC","Percentage","0","Units",,,28.1813679925693,,
"TUR","Turkey","2001","2001","PC","Percentage","0","Units",,,29.3481685703033,,
"TUR","Turkey","2002","2002","PC","Percentage","0","Units",,,25.1304238810469,,
"TUR","Turkey","2003","2003","PC","Percentage","0","Units",,,22.3380596249259,,
"TUR","Turkey","2004","2004","PC","Percentage","0","Units",,,20.0391500460911,,
"TUR","Turkey","2005","2005","PC","Percentage","0","Units",,,16.786793599074,,
"TUR","Turkey","2006","2006","PC","Percentage","0","Units",,,14.2966918245711,,
"TUR","Turkey","2007","2007","PC","Percentage","0","Units",,,12.2903525380894,,
"TUR","Turkey","2008","2008","PC","Percentage","0","Units",,,10.6670789209245,,
"TUR","Turkey","2009","2009","PC","Percentage","0","Units",,,10.1967619769019,,
"TUR","Turkey","2010","2010","PC","Percentage","0","Units",,,8.92782601109194,,
"TUR","Turkey","2011","2011","PC","Percentage","0","Units",,,7.79318873965711,,
"TUR","Turkey","2012","2012","PC","Percentage","0","Units",,,7.00361447537771,,
"TUR","Turkey","2013","2013","PC","Percentage","0","Units",,,6.31178377056198,,
"GBR","United Kingdom","1999","1999","PC","Percentage","0","Units",,,30.1295336787565,,
"GBR","United Kingdom","2000","2000","PC","Percentage","0","Units",,,30.18060030524,,
"GBR","United Kingdom","2001","2001","PC","Percentage","0","Units",,,29.5593789341167,,
"GBR","United Kingdom","2002","2002","PC","Percentage","0","Units",,,29.3197647745756,,
"GBR","United Kingdom","2003","2003","PC","Percentage","0","Units",,,29.6193051799459,,
"GBR","United Kingdom","2004","2004","PC","Percentage","0","Units",,,28.9570552147239,,
"GBR","United Kingdom","2005","2005","PC","Percentage","0","Units",,,28.5524247188294,,
"GBR","United Kingdom","2006","2006","PC","Percentage","0","Units",,,28.2190685588647,,
"GBR","United Kingdom","2007","2007","PC","Percentage","0","Units",,,28.0893952673094,,
"GBR","United Kingdom","2008","2008","PC","Percentage","0","Units",,,27.316457692611,,
"GBR","United Kingdom","2009","2009","PC","Percentage","0","Units",,,27.3259334006055,,
"GBR","United Kingdom","2010","2010","PC","Percentage","0","Units",,,26.6007266855067,,
"GBR","United Kingdom","2011","2011","PC","Percentage","0","Units",,,25.8200168208579,,
"GBR","United Kingdom","2012","2012","PC","Percentage","0","Units",,,26.0427924790529,,
"GBR","United Kingdom","2013","2013","PC","Percentage","0","Units",,,25.7967521387918,,
"GBR","United Kingdom","2014","2014","PC","Percentage","0","Units",,,25.1418556235843,,
"USA","United States","1999","1999","PC","Percentage","0","Units",,,13.3667081214959,,
"USA","United States","2000","2000","PC","Percentage","0","Units",,,12.8487465553091,,
"USA","United States","2001","2001","PC","Percentage","0","Units",,,12.857190216765,,
"USA","United States","2002","2002","PC","Percentage","0","Units",,,12.6375373304313,,
"USA","United States","2003","2003","PC","Percentage","0","Units",,,12.3914296800504,,
"USA","United States","2004","2004","PC","Percentage","0","Units",,,12.0213076746166,,
"USA","United States","2005","2005","PC","Percentage","0","Units",,,11.9602357428424,,
"USA","United States","2006","2006","PC","Percentage","0","Units",,,11.4845837838485,,
"USA","United States","2007","2007","PC","Percentage","0","Units",,,11.5643537467178,,
"USA","United States","2008","2008","PC","Percentage","0","Units",,,11.9102227562348,,
"USA","United States","2009","2009","PC","Percentage","0","Units",,,11.7940190387955,,
"USA","United States","2010","2010","PC","Percentage","0","Units",,,11.3834597517532,,
"USA","United States","2011","2011","PC","Percentage","0","Units",,,11.3294882852907,,
"USA","United States","2012","2012","PC","Percentage","0","Units",,,10.8153522894353,,
"USA","United States","2013","2013","PC","Percentage","0","Units",,,10.8078913675985,,
"USA","United States","2014","2014","PC","Percentage","0","Units",,,10.6502295396275,,
"OECD","OECD countries","1999","1999","PC","Percentage","0","Units",,,20.9881302234998,,
"OECD","OECD countries","2000","2000","PC","Percentage","0","Units",,,20.3720618069296,,
"OECD","OECD countries","2001","2001","PC","Percentage","0","Units",,,20.0298694212152,,
"OECD","OECD countries","2002","2002","PC","Percentage","0","Units",,,19.6687132369368,,
"OECD","OECD countries","2003","2003","PC","Percentage","0","Units",,,19.5792835035019,,
"OECD","OECD countries","2004","2004","PC","Percentage","0","Units",,,19.2061751495904,,
"OECD","OECD countries","2005","2005","PC","Percentage","0","Units",,,18.852682634719,,
"OECD","OECD countries","2006","2006","PC","Percentage","0","Units",,,18.2721747888163,,
"OECD","OECD countries","2007","2007","PC","Percentage","0","Units",,,18.1339701809491,,
"OECD","OECD countries","2008","2008","PC","Percentage","0","Units",,,18.016073591202,,
"OECD","OECD countries","2009","2009","PC","Percentage","0","Units",,,18.0608100480894,,
"OECD","OECD countries","2010","2010","PC","Percentage","0","Units",,,17.6961652335433,,
"OECD","OECD countries","2011","2011","PC","Percentage","0","Units",,,17.5957032721555,,
"OECD","OECD countries","2012","2012","PC","Percentage","0","Units",,,17.1614293188179,,
"OECD","OECD countries","2013","2013","PC","Percentage","0","Units",,,17.0223053514612,,
"OECD","OECD countries","2014","2014","PC","Percentage","0","Units",,,16.730147888998,,
"CHL","Chile","1999","1999","PC","Percentage","0","Units",,,12.6693652198537,,
"CHL","Chile","2000","2000","PC","Percentage","0","Units",,,12.5542667091015,,
"CHL","Chile","2001","2001","PC","Percentage","0","Units",,,12.5423650372877,,
"CHL","Chile","2002","2002","PC","Percentage","0","Units",,,12.8322849505686,,
"CHL","Chile","2003","2003","PC","Percentage","0","Units",,,13.6671691499792,,
"CHL","Chile","2004","2004","PC","Percentage","0","Units",,,13.6675862556902,,
"CHL","Chile","2005","2005","PC","Percentage","0","Units",,,13.297133081046,,
"CHL","Chile","2006","2006","PC","Percentage","0","Units",,,13.0177072149987,,
"CHL","Chile","2007","2007","PC","Percentage","0","Units",,,13.0898163352704,,
"CHL","Chile","2008","2008","PC","Percentage","0","Units",,,14.1174840875704,,
"CHL","Chile","2009","2009","PC","Percentage","0","Units",,,14.9504252544805,,
"CHL","Chile","2010","2010","PC","Percentage","0","Units",,,14.965013821084,,
"CHL","Chile","2011","2011","PC","Percentage","0","Units",,,14.8664476026008,,
"CHL","Chile","2012","2012","PC","Percentage","0","Units",,,15.3291322353366,,
"CHL","Chile","2013","2013","PC","Percentage","0","Units",,,15.0329129327961,,
"CHL","Chile","2014","2014","PC","Percentage","0","Units",,,15.5326049046982,,
"SVN","Slovenia","1999","1999","PC","Percentage","0","Units",,,40.4305229750241,,
"SVN","Slovenia","2000","2000","PC","Percentage","0","Units",,,41.5944540727903,,
"SVN","Slovenia","2001","2001","PC","Percentage","0","Units",,,40.7705502045125,,
"SVN","Slovenia","2002","2002","PC","Percentage","0","Units",,,44.6601941747573,,
"SVN","Slovenia","2003","2003","PC","Percentage","0","Units",,,43.720809548521,,
"SVN","Slovenia","2004","2004","PC","Percentage","0","Units",,,40.0952261621351,,
"SVN","Slovenia","2005","2005","PC","Percentage","0","Units",,,37.1198013656114,,
"SVN","Slovenia","2006","2006","PC","Percentage","0","Units",,,31.4090626939789,,
"SVN","Slovenia","2007","2007","PC","Percentage","0","Units",,,28.9610232894896,,
"SVN","Slovenia","2008","2008","PC","Percentage","0","Units",,,26.5957446808511,,
"SVN","Slovenia","2009","2009","PC","Percentage","0","Units",,,26.2805694123373,,
"SVN","Slovenia","2010","2010","PC","Percentage","0","Units",,,25.0218941573877,,
"SVN","Slovenia","2011","2011","PC","Percentage","0","Units",,,23.1154488249647,,
"SVN","Slovenia","2012","2012","PC","Percentage","0","Units",,,21.9695011630912,,
"SVN","Slovenia","2013","2013","PC","Percentage","0","Units",,,21.2482468536326,,
"EST","Estonia","1999","1999","PC","Percentage","0","Units",,,16.3009101251422,,
"EST","Estonia","2000","2000","PC","Percentage","0","Units",,,14.523469770935,,
"EST","Estonia","2001","2001","PC","Percentage","0","Units",,,13.9643586411732,,
"EST","Estonia","2002","2002","PC","Percentage","0","Units",,,13.5220125786163,,
"EST","Estonia","2003","2003","PC","Percentage","0","Units",,,11.7446905895276,,
"EST","Estonia","2004","2004","PC","Percentage","0","Units",,,10.9941833056018,,
"EST","Estonia","2005","2005","PC","Percentage","0","Units",,,9.7310079928952,,
"EST","Estonia","2006","2006","PC","Percentage","0","Units",,,8.40423956931359,,
"EST","Estonia","2007","2007","PC","Percentage","0","Units",,,7.63711062468429,,
"EST","Estonia","2008","2008","PC","Percentage","0","Units",,,6.23545061523113,,
"EST","Estonia","2009","2009","PC","Percentage","0","Units",,,7.64542936288089,,
"EST","Estonia","2010","2010","PC","Percentage","0","Units",,,8.22686798296554,,
"EST","Estonia","2011","2011","PC","Percentage","0","Units",,,7.00091157702826,,
"EST","Estonia","2012","2012","PC","Percentage","0","Units",,,6.0562623185809,,
"EST","Estonia","2013","2013","PC","Percentage","0","Units",,,5.65433854907539,,
"ISR","Israel","1999","1999","PC","Percentage","0","Units",,,41.3297891615573,,
"ISR","Israel","2000","2000","PC","Percentage","0","Units",,,37.9461662615387,,
"ISR","Israel","2001","2001","PC","Percentage","0","Units",,,36.8771635709564,,
"ISR","Israel","2002","2002","PC","Percentage","0","Units",,,36.5046255076888,,
"ISR","Israel","2003","2003","PC","Percentage","0","Units",,,35.8277522145612,,
"ISR","Israel","2004","2004","PC","Percentage","0","Units",,,34.4229233995553,,
"ISR","Israel","2005","2005","PC","Percentage","0","Units",,,33.0722197650446,,
"ISR","Israel","2006","2006","PC","Percentage","0","Units",,,32.0127813278295,,
"ISR","Israel","2007","2007","PC","Percentage","0","Units",,,30.4729873850502,,
"ISR","Israel","2008","2008","PC","Percentage","0","Units",,,28.640589243077,,
"ISR","Israel","2009","2009","PC","Percentage","0","Units",,,27.3486954896456,,
"ISR","Israel","2010","2010","PC","Percentage","0","Units",,,25.671967938112,,
"ISR","Israel","2011","2011","PC","Percentage","0","Units",,,24.2149935927215,,
"ISR","Israel","2012","2012","PC","Percentage","0","Units",,,22.7968601348287,,
